Area,Perimeter,Compactness,Length_of_kernel,Width_of_kernel,Asymmetry_coefficient,Length_of_kernel_groove,Class
14.472,14.45,0.877,5.753,3.324,1.356,4.87,Kama
11.574,12.751,0.853,5.158,2.773,3.502,5.139,Canadian
15.1,14.586,0.878,5.711,3.355,2.122,5.092,Kama
11.862,13.277,0.809,5.302,3.007,4.345,5.097,Canadian
15.707,14.932,0.863,5.695,3.337,2.724,5.256,Kama
18.853,16.099,0.883,6.328,3.743,4.564,6.081,Rosa
13.337,13.577,0.854,5.404,2.997,5.183,4.891,Kama
11.593,13.127,0.836,5.252,2.71,5.028,5.164,Canadian
10.879,12.948,0.883,5.069,2.599,6.755,4.789,Canadian
12.604,13.836,0.845,5.4,3.036,5.596,5.251,Canadian
21.206,17.634,0.888,6.727,4.041,3.804,6.453,Rosa
11.95,13.064,0.869,4.994,3.043,1.864,4.636,Kama
14.603,14.131,0.875,5.546,3.296,4.899,5.316,Kama
15.402,14.645,0.869,5.469,3.394,1.806,5.185,Kama
15.511,14.77,0.883,5.773,3.265,5.581,5.395,Kama
12.798,13.656,0.904,5.32,2.95,3.75,5.394,Canadian
12.372,13.503,0.844,5.331,2.922,2.728,5.066,Canadian
13.766,13.766,0.861,5.491,3.295,3.225,4.833,Kama
13.324,13.823,0.923,5.469,3.14,3.154,4.959,Kama
15.081,14.328,0.915,5.731,3.182,2.679,5.437,Kama
13.274,13.827,0.878,5.481,2.919,2.779,5.02,Kama
13.834,14.175,0.877,5.484,3.302,3.124,4.867,Kama
19.5,16.8,0.867,6.305,3.526,3.223,5.951,Rosa
12.931,13.623,0.884,5.187,3.034,5.934,5.421,Canadian
15.237,14.983,0.877,5.75,3.135,2.948,5.188,Kama
11.226,13.175,0.828,5.093,2.772,2.79,5.061,Canadian
15.279,14.47,0.886,5.681,3.395,3.132,5.391,Kama
11.675,13.15,0.888,5.249,2.803,4.481,5.137,Canadian
14.856,14.511,0.873,5.804,3.263,3.066,5.434,Kama
17.228,15.689,0.903,5.961,3.504,4.594,6.234,Rosa
17.72,15.937,0.9,5.774,3.581,2.491,5.874,Rosa
20.953,17.312,0.895,6.671,4.005,2.837,6.449,Rosa
18.678,16.486,0.883,6.083,3.647,2.957,5.949,Rosa
14.834,14.475,0.865,5.661,3.455,3.919,5.316,Kama
14.78,14.516,0.921,5.618,3.226,2.005,5.544,Kama
20.65,16.787,0.89,6.513,4.009,3.895,6.558,Rosa
11.806,13.271,0.868,5.291,2.865,5.851,5.145,Canadian
17.966,15.911,0.866,5.817,3.619,3.823,6.186,Rosa
14.776,14.573,0.879,5.739,3.106,2.241,5.059,Kama
12.865,13.732,0.844,5.487,3.052,4.088,5.41,Canadian
14.529,14.397,0.879,5.551,3.201,2.757,5.17,Kama
11.768,13.305,0.818,5.083,2.952,4.267,5.075,Canadian
17.58,16.032,0.88,6.029,3.632,3.763,5.706,Rosa
11.681,13.361,0.857,5.363,2.861,3.829,5.091,Canadian
19.359,16.323,0.858,6.215,3.819,3.559,6.026,Rosa
18.603,16.197,0.885,6.233,3.693,3.489,5.961,Rosa
11.152,12.992,0.841,5.082,2.708,3.921,5.165,Canadian
11.25,12.65,0.853,5.149,2.757,2.714,4.859,Canadian
19.072,16.677,0.882,6.3,3.595,3.978,6.034,Rosa
10.919,12.736,0.829,5.144,2.726,4.864,4.942,Canadian
18.973,16.892,0.852,6.258,3.738,4.157,6.187,Rosa
11.043,12.733,0.87,5.069,2.603,3.065,5.202,Canadian
16.28,15.081,0.861,5.765,3.367,3.221,5.825,Rosa
20.165,16.619,0.892,6.284,3.92,3.971,6.394,Rosa
14.097,14.112,0.884,5.651,3.339,3.467,4.912,Kama
14.9,14.527,0.883,5.573,3.3,3.696,4.725,Kama
12.211,13.221,0.843,5.347,2.936,3.145,5.011,Canadian
11.608,12.859,0.865,5.213,2.847,4.605,5.196,Canadian
14.269,13.994,0.875,5.54,3.312,3.174,5.152,Kama
11.809,13.299,0.811,5.328,2.806,5.275,5.224,Canadian
14.86,14.742,0.865,5.457,3.312,3.855,5.508,Rosa
15.124,14.702,0.864,5.494,3.206,2.564,5.469,Kama
19.429,17.012,0.88,6.502,3.751,0.99,6.409,Rosa
12.134,13.167,0.858,5.405,2.728,6.815,5.194,Canadian
13.994,14.289,0.882,5.375,3.187,3.941,5.064,Kama
11.015,12.886,0.811,5.04,2.704,6.505,4.919,Canadian
13.551,13.746,0.894,5.238,3.117,2.35,4.932,Kama
12.311,13.425,0.864,5.198,2.855,4.388,5.129,Canadian
13.94,14.452,0.87,5.325,3.154,2.923,4.996,Kama
18.669,15.997,0.901,6.121,3.805,4.5,5.979,Rosa
11.799,13.307,0.863,5.266,2.722,3.702,4.937,Canadian
19.12,16.399,0.887,6.175,3.893,3.22,6.147,Rosa
18.975,16.521,0.889,6.191,3.961,3.629,6.184,Rosa
13.518,13.841,0.905,5.522,3.093,0.897,4.882,Kama
13.16,14.002,0.906,5.277,3.015,1.537,4.958,Kama
12.741,13.501,0.892,5.198,3.063,2.406,4.965,Kama
11.751,13.115,0.826,5.311,2.89,2.948,5.117,Canadian
12.563,13.493,0.873,5.276,2.923,4.338,5.292,Canadian
15.158,14.341,0.88,5.501,3.394,3.878,4.858,Kama
12.612,13.682,0.848,5.408,2.888,2.506,5.232,Canadian
13.905,13.912,0.867,5.37,3.29,1.803,4.9,Kama
11.7,13.117,0.854,5.166,2.641,4.652,5.097,Canadian
13.756,13.787,0.886,5.422,3.217,3.446,4.953,Kama
17.124,15.849,0.898,5.9,3.544,3.299,6.274,Rosa
19.105,16.23,0.868,6.031,3.801,4.804,6.314,Rosa
11.608,13.09,0.879,5.143,2.651,4.201,5.086,Canadian
16.786,15.165,0.887,5.916,3.672,4.511,5.567,Rosa
11.95,13.397,0.858,5.237,2.904,3.062,5.139,Canadian
17.695,16.192,0.889,6.104,3.586,2.571,6.155,Rosa
14.411,13.945,0.883,5.701,3.345,2.51,4.991,Kama
16.832,15.235,0.909,5.921,3.386,2.641,5.865,Rosa
18.678,15.884,0.88,6.191,3.753,3.216,6.166,Rosa
18.717,16.473,0.867,6.191,3.742,4.428,5.901,Rosa
11.479,13.186,0.854,5.269,2.696,3.304,5.049,Canadian
11.694,13.26,0.906,5.2,2.788,5.528,5.12,Canadian
18.232,16.272,0.883,6.065,3.587,5.385,6.225,Rosa
11.294,12.997,0.834,5.072,2.826,6.553,5.031,Canadian
10.785,12.879,0.808,5.157,2.5,4.025,4.89,Canadian
15.705,14.781,0.867,5.419,3.312,0.407,5.09,Kama
13.639,13.886,0.872,5.694,3.107,1.305,5.472,Canadian
18.707,16.038,0.913,6.339,3.731,5.716,6.004,Rosa
11.466,12.791,0.865,5.043,2.805,4.818,5.11,Canadian
13.167,13.978,0.861,5.556,3.183,5.776,5.182,Canadian
14.597,14.756,0.893,5.641,3.287,2.11,5.235,Kama
17.413,15.801,0.872,5.848,3.515,1.24,5.794,Rosa
15.951,15.152,0.885,5.78,3.541,1.892,5.699,Rosa
14.191,14.588,0.862,5.496,3.264,3.936,5.293,Kama
12.003,13.33,0.842,5.232,2.829,4.769,5.002,Canadian
10.718,12.994,0.844,5.031,2.731,5.578,4.848,Canadian
10.429,12.356,0.812,5.021,2.546,3.939,4.878,Canadian
15.903,15.088,0.883,5.407,3.422,3.833,5.829,Rosa
10.496,12.76,0.779,5.041,2.389,3.136,4.77,Canadian
12.133,13.153,0.847,5.173,2.763,4.971,5.202,Canadian
17.168,16.114,0.852,5.921,3.553,3.115,5.694,Rosa
11.687,13.252,0.857,5.097,2.888,5.528,5.139,Canadian
19.395,16.325,0.89,6.372,3.903,4.295,6.389,Rosa
13.499,13.762,0.869,5.191,3.262,3.132,4.902,Kama
16.665,15.755,0.861,5.679,3.546,2.92,5.622,Rosa
10.2,12.235,0.851,4.939,2.552,5.257,4.743,Canadian
15.246,14.206,0.883,5.769,3.301,1.89,5.201,Kama
18.228,16.37,0.911,6.405,3.598,4.192,5.82,Rosa
16.235,15.015,0.883,5.818,3.636,4.226,5.72,Rosa
11.873,13.222,0.847,5.233,2.865,4.565,5.224,Canadian
14.486,14.219,0.889,5.567,3.282,3.591,4.831,Kama
11.871,13.04,0.825,5.198,2.684,4.799,5.109,Canadian
16.841,15.553,0.873,5.794,3.675,5.156,5.983,Rosa
14.702,14.547,0.895,5.628,3.322,2.742,5.323,Kama
11.88,13.263,0.89,5.245,2.824,3.504,5.149,Canadian
17.39,15.903,0.888,6.121,3.63,4.106,5.951,Rosa
17.426,15.33,0.874,5.839,3.474,4.437,5.922,Rosa
15.298,14.702,0.889,5.415,3.38,2.379,5.207,Kama
15.393,14.797,0.89,5.49,3.445,2.227,5.187,Kama
19.626,16.908,0.887,6.375,3.911,3.973,5.993,Rosa
17.907,15.418,0.891,6.074,3.746,3.188,5.927,Rosa
11.376,12.986,0.855,5.033,2.772,4.076,5.105,Canadian
20.127,17.018,0.885,6.497,3.91,3.635,6.338,Rosa
12.485,13.443,0.885,5.278,2.983,6.156,5.076,Canadian
15.403,14.723,0.879,5.651,3.36,1.356,5.486,Kama
13.705,13.913,0.851,5.621,3.01,5.001,5.192,Kama
17.737,15.926,0.878,6.023,3.722,3.057,6.108,Rosa
17.034,15.624,0.895,5.948,3.488,5.29,6.01,Rosa
12.367,13.499,0.862,5.245,2.851,3.821,5.312,Canadian
16.57,15.552,0.867,5.909,3.513,2.334,5.812,Rosa
16.483,15.684,0.88,6.005,3.354,3.79,5.869,Rosa
14.141,14.021,0.898,5.44,3.296,4.226,5.044,Kama
19.358,16.323,0.887,6.218,3.765,4.714,5.959,Rosa
13.289,13.871,0.866,5.331,3.095,3.227,4.679,Kama
10.849,12.678,0.863,5.144,2.68,5.411,4.872,Canadian
16.485,15.477,0.9,5.587,3.511,2.564,5.78,Rosa
13.108,13.947,0.851,5.419,3.02,4.007,5.223,Canadian
17.562,15.402,0.868,6.321,3.5,2.694,5.925,Rosa
17.498,16.099,0.873,6.152,3.634,4.079,5.906,Rosa
11.977,13.347,0.826,5.254,2.855,5.058,5.139,Canadian
15.198,14.203,0.907,5.845,3.322,2.521,5.224,Kama
13.282,14.233,0.881,5.363,3.249,2.066,4.826,Kama
14.993,14.63,0.887,5.593,3.328,1.636,5.056,Kama
12.066,13.283,0.813,5.198,2.989,5.179,4.923,Canadian
15.774,14.581,0.882,5.739,3.062,4.577,5.624,Rosa
16.245,15.311,0.879,5.766,3.428,4.833,5.707,Rosa
12.552,13.425,0.879,5.14,3.095,2.509,4.826,Kama
14.979,14.786,0.848,5.574,3.302,3.85,5.305,Kama
18.1,15.828,0.866,6.565,3.792,2.01,6.011,Rosa
14.613,14.665,0.865,5.646,3.319,0.23,5.209,Kama
13.807,14.252,0.867,5.419,3.227,2.321,5.124,Kama
15.477,14.853,0.875,5.749,3.461,0.836,5.356,Kama
11.321,12.985,0.873,5.309,2.848,5.29,5.044,Canadian
14.412,14.701,0.859,5.46,3.184,1.542,4.981,Kama
10.36,12.673,0.835,5.018,2.717,5.568,4.779,Canadian
18.376,16.313,0.909,6.172,3.675,4.78,5.986,Rosa
12.171,13.539,0.831,5.306,2.952,3.281,5.106,Canadian
16.943,15.284,0.873,6.071,3.578,2.267,5.384,Kama
18.669,16.201,0.907,6.125,3.728,3.85,6.159,Rosa
19.109,16.675,0.891,6.315,3.893,3.148,6.312,Rosa
11.161,12.908,0.844,5.102,2.591,4.733,4.971,Canadian
14.31,14.523,0.878,5.471,3.156,1.063,4.776,Kama
12.277,13.469,0.863,4.903,2.842,3.127,4.8,Kama
17.446,15.945,0.901,6.077,3.674,4.658,6.093,Rosa
13.061,13.51,0.856,5.095,3.161,1.817,4.931,Kama
16.154,14.998,0.89,5.84,3.547,1.166,5.244,Kama
15.822,15.426,0.889,5.854,3.508,2.948,5.36,Kama
13.921,14.431,0.884,5.481,2.967,4.378,5.107,Kama
15.045,14.749,0.915,5.675,3.401,3.278,5.529,Kama
13.944,14.089,0.9,5.455,3.217,4.71,4.972,Kama
11.642,13.19,0.861,5.098,2.869,5.48,5.174,Canadian
11.872,13.264,0.826,5.206,2.939,5.879,5.096,Canadian
20.254,16.522,0.889,6.505,3.868,4.383,6.126,Rosa
16.636,15.538,0.896,5.689,3.391,4.566,5.983,Rosa
15.377,14.548,0.901,5.486,3.365,1.578,5.074,Kama
14.683,14.836,0.877,5.75,3.267,3.041,4.887,Kama
11.33,13.121,0.865,5.126,2.753,5.176,5.02,Canadian
11.897,13.478,0.833,5.308,2.746,5.784,5.277,Canadian
11.914,13.189,0.856,5.402,2.927,3.78,4.903,Canadian
14.856,15.172,0.871,5.443,3.353,4.438,5.389,Rosa
13.145,13.693,0.867,5.46,3.241,2.148,5.626,Canadian
18.689,16.296,0.868,6.064,3.802,5.304,6.047,Rosa
14.104,13.972,0.856,5.683,3.213,2.471,4.808,Kama
10.105,12.329,0.865,4.846,2.695,2.136,4.789,Canadian
13.9,13.897,0.869,5.314,3.407,0.992,5.071,Kama
19.008,16.492,0.874,6.17,3.657,2.689,6.13,Rosa
18.811,16.271,0.906,6.232,3.769,1.803,6.056,Rosa
20.42,17.075,0.847,6.265,3.905,4.264,6.436,Rosa
11.737,13.186,0.857,5.165,2.811,6.603,5.031,Canadian
11.786,13.123,0.842,5.208,2.817,4.544,5.095,Canadian
18.601,16.405,0.864,6.331,3.53,3.051,6.124,Rosa
17.438,15.941,0.876,6.234,3.644,3.833,5.86,Rosa
12.326,13.24,0.862,5.339,2.839,2.78,5.244,Canadian
20.292,16.782,0.911,6.281,3.849,4.116,6.238,Rosa
18.404,15.919,0.888,6.411,3.741,3.903,6.047,Rosa
12.194,13.524,0.811,5.371,2.916,4.352,5.205,Canadian
13.305,13.878,0.906,5.261,3.161,1.784,4.936,Kama
